<TICKER>;<PER>;<DATE>;<TIME>;<OPEN>;<HIGH>;<LOW>;<CLOSE>;<VOL>
GAZP;1;200402;100100;183.8000000;184.7800000;183.6300000;183.7900000;1116030
GAZP;1;200402;100200;183.8100000;184.3700000;183.7500000;184.2800000;589570
GAZP;1;200402;100300;184.2900000;184.4500000;184.0100000;184.2500000;727070
GAZP;1;200402;100400;184.2600000;184.4400000;183.7200000;183.8200000;390560
GAZP;1;200402;100500;183.9000000;183.9500000;182.8100000;182.9800000;511950
GAZP;1;200402;100600;182.9000000;183.7900000;182.8900000;183.6300000;299090
GAZP;1;200402;100700;183.6800000;183.8700000;183.4400000;183.5000000;186030
GAZP;1;200402;100800;183.4400000;183.4800000;182.8000000;182.8000000;602080
GAZP;1;200402;100900;182.8500000;182.9500000;182.5300000;182.9000000;281200
GAZP;1;200402;101000;182.9000000;183.5400000;182.8300000;183.4400000;280360
GAZP;1;200402;101100;183.4700000;183.7500000;183.3600000;183.6000000;125320
GAZP;1;200402;101200;183.5300000;183.6000000;183.2500000;183.4000000;198620
GAZP;1;200402;101300;183.4500000;183.6400000;183.2500000;183.3500000;264470
GAZP;1;200402;101400;183.2800000;183.2800000;182.9000000;182.9900000;158150
GAZP;1;200402;101500;182.9900000;183.1600000;182.7500000;183.0000000;156030
GAZP;1;200402;101600;183.0000000;183.3000000;183.0000000;183.2100000;195270
GAZP;1;200402;101700;183.2800000;183.6600000;183.2000000;183.3700000;285180
GAZP;1;200402;101800;183.3600000;183.4500000;182.9500000;183.0900000;440870
GAZP;1;200402;101900;183.0400000;183.3800000;182.9700000;183.2000000;176690
GAZP;1;200402;102000;183.1200000;183.4000000;183.0200000;183.3800000;129570
GAZP;1;200402;102100;183.3800000;183.4900000;183.1600000;183.2600000;132430
GAZP;1;200402;102200;183.2600000;183.2800000;183.0100000;183.1000000;132400
GAZP;1;200402;102300;183.1000000;183.3100000;183.0900000;183.2700000;45010
GAZP;1;200402;102400;183.2500000;183.3500000;183.0700000;183.1700000;184270
GAZP;1;200402;102500;183.1900000;183.1900000;182.9500000;183.0100000;82390
GAZP;1;200402;102600;183.0300000;183.1000000;182.9000000;182.9100000;153440
GAZP;1;200402;102700;182.9600000;182.9700000;182.8000000;182.8000000;139020
GAZP;1;200402;102800;182.8200000;182.9900000;182.8000000;182.9300000;142080
GAZP;1;200402;103600;182.6100000;182.7400000;182.3200000;182.6600000;219320
GAZP;1;200402;103700;182.6500000;182.6900000;182.4400000;182.5600000;86690
GAZP;1;200402;103800;182.5600000;182.5900000;182.2300000;182.2800000;142680
GAZP;1;200402;103900;182.3000000;182.4100000;182.1000000;182.2300000;95370
GAZP;1;200402;104000;182.1900000;182.3100000;182.1100000;182.1400000;64210
GAZP;1;200402;104100;182.1300000;182.2000000;181.8100000;181.9600000;276930
GAZP;1;200402;104200;181.9400000;182.4600000;181.9400000;182.3700000;404750
GAZP;1;200402;104300;182.3700000;182.4300000;182.2600000;182.3700000;88950
GAZP;1;200402;102900;182.8600000;183.0700000;182.8000000;183.0300000;183290
GAZP;1;200402;103000;183.0300000;183.2300000;182.9900000;183.2000000;103410
GAZP;1;200402;103100;183.2000000;183.2900000;183.0500000;183.2900000;56340
GAZP;1;200402;103200;183.2600000;183.2800000;182.9000000;183.0700000;71440
GAZP;1;200402;103300;183.0700000;183.1100000;182.7500000;182.9000000;194730
GAZP;1;200402;103400;182.9000000;183.0000000;182.8900000;182.9400000;66690
GAZP;1;200402;103500;182.9300000;182.9300000;182.6100000;182.6100000;94570
GAZP;1;200402;104400;182.3700000;182.4100000;182.3000000;182.3300000;28500
GAZP;1;200402;104500;182.3300000;182.4300000;182.2200000;182.2200000;105980
GAZP;1;200402;104600;182.2400000;182.3200000;181.9200000;182.1100000;171570
GAZP;1;200402;104700;182.0400000;182.1900000;182.0000000;182.1400000;62300
GAZP;1;200402;104800;182.1700000;182.1700000;181.8900000;182.0000000;56350
GAZP;1;200402;104900;181.9300000;182.0000000;181.7600000;181.9800000;129410
GAZP;1;200402;105000;181.9000000;181.9700000;181.6100000;181.8100000;145500
GAZP;1;200402;105100;181.8100000;181.8100000;181.2300000;181.5200000;480760
GAZP;1;200402;105200;181.5900000;181.7300000;181.3300000;181.4900000;378850
GAZP;1;200402;105300;181.4300000;181.4700000;181.1200000;181.2400000;279580
GAZP;1;200402;105400;181.2600000;181.8700000;181.2300000;181.8400000;97330
GAZP;1;200402;105500;181.8400000;181.8400000;181.5300000;181.5700000;112070
GAZP;1;200402;105600;181.5800000;181.7000000;181.2100000;181.2900000;296890
GAZP;1;200402;105700;181.3000000;181.7400000;181.2000000;181.6900000;67740
GAZP;1;200402;105800;181.6400000;181.8500000;181.6000000;181.8500000;98350
GAZP;1;200402;105900;181.8500000;181.8500000;181.5700000;181.5700000;104070
GAZP;1;200402;110000;181.6000000;181.8600000;181.5800000;181.6800000;57530
GAZP;1;200402;110100;181.7400000;182.1000000;181.6100000;182.0200000;184680
GAZP;1;200402;110200;182.0700000;182.4100000;182.0400000;182.2800000;268890
GAZP;1;200402;110300;182.3200000;182.3900000;182.2600000;182.3000000;98470
GAZP;1;200402;110400;182.3000000;182.3900000;182.0800000;182.3900000;159900
GAZP;1;200402;110500;182.3900000;182.5600000;182.3000000;182.4100000;342530
GAZP;1;200402;110600;182.4100000;182.6900000;182.3600000;182.3600000;212300
GAZP;1;200402;110700;182.3500000;182.6000000;182.3500000;182.5300000;139640
GAZP;1;200402;110800;182.5300000;182.5400000;182.4000000;182.4200000;108620
GAZP;1;200402;110900;182.4000000;182.5600000;182.4000000;182.5300000;39100
GAZP;1;200402;111000;182.5600000;182.5700000;182.4400000;182.4400000;86640
GAZP;1;200402;111100;182.4500000;182.5100000;182.1200000;182.1200000;148400
GAZP;1;200402;111200;182.1400000;182.3500000;182.0900000;182.3100000;43220
GAZP;1;200402;111300;182.3100000;182.5000000;182.3000000;182.4700000;39290
GAZP;1;200402;111400;182.5000000;182.6100000;182.4000000;182.5500000;81990
GAZP;1;200402;111500;182.5300000;182.9200000;182.5100000;182.8000000;160610
GAZP;1;200402;111600;182.7500000;182.9000000;182.6700000;182.8500000;113270
GAZP;1;200402;111700;182.8600000;182.8600000;182.5100000;182.5500000;59860
GAZP;1;200402;111800;182.5500000;182.5800000;182.3300000;182.3500000;118740
GAZP;1;200402;111900;182.3600000;182.6300000;182.3600000;182.4900000;174790
GAZP;1;200402;112000;182.4600000;182.4600000;182.2400000;182.2400000;59040
GAZP;1;200402;112100;182.2700000;182.5800000;182.2700000;182.4700000;29010
GAZP;1;200402;112200;182.4700000;182.6300000;182.3700000;182.4600000;267800
GAZP;1;200402;112300;182.4100000;182.4500000;182.0400000;182.2600000;107900
GAZP;1;200402;112400;182.2700000;182.3800000;182.0600000;182.3600000;119820
GAZP;1;200402;112500;182.3900000;182.4300000;182.2500000;182.4300000;53380
GAZP;1;200402;112600;182.4300000;182.4500000;182.2300000;182.3700000;67050
GAZP;1;200402;112700;182.4300000;182.4400000;182.1900000;182.4000000;70810
GAZP;1;200402;112800;182.3700000;182.5600000;182.3300000;182.4000000;115030
GAZP;1;200402;112900;182.3900000;182.4300000;182.3200000;182.4000000;58360
GAZP;1;200402;113000;182.3900000;182.6000000;182.3800000;182.5600000;161510
GAZP;1;200402;113100;182.5600000;182.5600000;182.3700000;182.5000000;28320
GAZP;1;200402;113200;182.5000000;182.5400000;182.4400000;182.4600000;66810
GAZP;1;200402;113300;182.4600000;182.4800000;182.2800000;182.3700000;80500
GAZP;1;200402;113400;182.2700000;182.3800000;182.0900000;182.1200000;131100
GAZP;1;200402;113500;182.1200000;182.2000000;181.8100000;181.9600000;184460
GAZP;1;200402;113600;181.9200000;182.1900000;181.7800000;182.1400000;172380
GAZP;1;200402;113700;182.0800000;182.1000000;181.9200000;182.0500000;45650
GAZP;1;200402;113800;182.0100000;182.0900000;181.9400000;181.9600000;18460
GAZP;1;200402;113900;182.0700000;182.1700000;182.0100000;182.0300000;37450
GAZP;1;200402;114000;182.0500000;182.3400000;182.0500000;182.2000000;45780
GAZP;1;200402;114100;182.2700000;182.3800000;182.2000000;182.3400000;21140
GAZP;1;200402;114200;182.4000000;182.4000000;182.1900000;182.3400000;57330
GAZP;1;200402;114300;182.3400000;182.3400000;182.2100000;182.2500000;14740
GAZP;1;200402;114400;182.2500000;182.2800000;181.9400000;181.9800000;93220
GAZP;1;200402;114500;181.9800000;182.0200000;181.7800000;181.9100000;166860
GAZP;1;200402;114600;181.9000000;182.1100000;181.8200000;182.0900000;88530
GAZP;1;200402;114700;182.1100000;182.3800000;182.0700000;182.0700000;58280
GAZP;1;200402;114800;182.1200000;182.2400000;182.1100000;182.1100000;12230
GAZP;1;200402;114900;182.1100000;182.1700000;182.0100000;182.1700000;16850
GAZP;1;200402;115000;182.1300000;182.2700000;182.1000000;182.2700000;31300
GAZP;1;200402;115100;182.2500000;182.2700000;182.1500000;182.2100000;79050
GAZP;1;200402;115200;182.1800000;182.3600000;182.1200000;182.3400000;91750
GAZP;1;200402;115300;182.3400000;182.3700000;182.2400000;182.3700000;71970
GAZP;1;200402;115400;182.3500000;182.5000000;182.3000000;182.4300000;68160
GAZP;1;200402;115500;182.4000000;182.5000000;182.3000000;182.3100000;47410
GAZP;1;200402;115600;182.3700000;182.4900000;182.3100000;182.4800000;38940
GAZP;1;200402;115700;182.4500000;182.4700000;182.2900000;182.3200000;45890
GAZP;1;200402;115800;182.2800000;182.3700000;182.2700000;182.3000000;40240
GAZP;1;200402;115900;182.3400000;182.3400000;182.2500000;182.3400000;36280
GAZP;1;200402;120000;182.3400000;182.4000000;182.3000000;182.3000000;31850
GAZP;1;200402;120100;182.3100000;182.3500000;182.1500000;182.2500000;15960
GAZP;1;200402;120200;182.2700000;182.2700000;182.1500000;182.2100000;45010
GAZP;1;200402;120300;182.2600000;182.3600000;182.1800000;182.2700000;24730
GAZP;1;200402;120400;182.2400000;182.2600000;182.0000000;182.1300000;103570
GAZP;1;200402;120500;182.0600000;182.2200000;182.0100000;182.0100000;93250
GAZP;1;200402;120600;182.0700000;182.0900000;182.0100000;182.0800000;37960
GAZP;1;200402;120700;182.0300000;182.0700000;181.9000000;182.0200000;62900
GAZP;1;200402;120800;182.0200000;182.0600000;181.9600000;182.0600000;24850
GAZP;1;200402;120900;182.0400000;182.0900000;181.9800000;182.0700000;33740
GAZP;1;200402;121000;182.0300000;182.2300000;182.0000000;182.2300000;168660
GAZP;1;200402;121100;182.2300000;182.4700000;182.2000000;182.2900000;204510
GAZP;1;200402;121200;182.2200000;182.3600000;182.1600000;182.3200000;159350
GAZP;1;200402;121300;182.3200000;182.3400000;182.1700000;182.2600000;73280
GAZP;1;200402;121400;182.2500000;182.3300000;182.1300000;182.1700000;17630
GAZP;1;200402;121500;182.1400000;182.3100000;182.1400000;182.1800000;17480
GAZP;1;200402;121600;182.2200000;182.3700000;182.2200000;182.3700000;14550
GAZP;1;200402;121700;182.3200000;182.3500000;182.2500000;182.2900000;36370
GAZP;1;200402;121800;182.2500000;182.2500000;182.0700000;182.1700000;38510
GAZP;1;200402;121900;182.2000000;182.3000000;182.1700000;182.3000000;29160
GAZP;1;200402;122000;182.3100000;182.5500000;182.2700000;182.4200000;287090
GAZP;1;200402;122100;182.4400000;182.5900000;182.4300000;182.5600000;69850
GAZP;1;200402;122200;182.5500000;182.7900000;182.5200000;182.6400000;97320
GAZP;1;200402;122300;182.6700000;182.7500000;182.6000000;182.6600000;147240
GAZP;1;200402;122400;182.6900000;182.7900000;182.6100000;182.6200000;79370
GAZP;1;200402;122500;182.6800000;182.8500000;182.5300000;182.5300000;87860
GAZP;1;200402;122600;182.6000000;182.7100000;182.4700000;182.5000000;64300
GAZP;1;200402;122700;182.5100000;182.6000000;182.5100000;182.5400000;17780
GAZP;1;200402;122800;182.5600000;182.5800000;182.4900000;182.5300000;23760
GAZP;1;200402;122900;182.5100000;182.8500000;182.5100000;182.7900000;20900
GAZP;1;200402;123000;182.7900000;182.9000000;182.7900000;182.8700000;63390
GAZP;1;200402;123100;182.8900000;183.0500000;182.7800000;182.9700000;291320
GAZP;1;200402;123200;183.0000000;183.0500000;182.9000000;183.0000000;63850
GAZP;1;200402;123300;183.0000000;183.1000000;182.9200000;183.0600000;95220
GAZP;1;200402;123400;183.0600000;183.0600000;182.8500000;182.8500000;137300
GAZP;1;200402;123500;182.8500000;182.8800000;182.7600000;182.8000000;15880
GAZP;1;200402;123600;182.8000000;182.8500000;182.7100000;182.7900000;20650
GAZP;1;200402;123700;182.8000000;182.9000000;182.7200000;182.7700000;18320
GAZP;1;200402;123800;182.7400000;182.8300000;182.6500000;182.8300000;24440
GAZP;1;200402;123900;182.7800000;182.8200000;182.7000000;182.7900000;18500
GAZP;1;200402;124000;182.7900000;182.8300000;182.7000000;182.8000000;17960
GAZP;1;200402;124100;182.7500000;182.8900000;182.7000000;182.8500000;19730
GAZP;1;200402;124200;182.8500000;182.8900000;182.6700000;182.6700000;38340
GAZP;1;200402;124300;182.6700000;182.8300000;182.5300000;182.8200000;41240
GAZP;1;200402;124400;182.8000000;182.8100000;182.6900000;182.7500000;24220
GAZP;1;200402;124500;182.7300000;182.9200000;182.7300000;182.8200000;28570
GAZP;1;200402;124600;182.7800000;182.8900000;182.7300000;182.7600000;22100
GAZP;1;200402;124700;182.7900000;182.8100000;182.6700000;182.7000000;7070
GAZP;1;200402;124800;182.7000000;182.8100000;182.6500000;182.7900000;16230
GAZP;1;200402;124900;182.7900000;182.8800000;182.7700000;182.8400000;24270
GAZP;1;200402;125000;182.8300000;182.9400000;182.8100000;182.8100000;55920
GAZP;1;200402;125100;182.8900000;182.9200000;182.7900000;182.9200000;11410
GAZP;1;200402;125200;182.8400000;182.9200000;182.7300000;182.8000000;22990
GAZP;1;200402;125300;182.7800000;182.9000000;182.7700000;182.8500000;13360
GAZP;1;200402;125400;182.8800000;183.2300000;182.8500000;183.2300000;315490
GAZP;1;200402;125500;183.2000000;183.3000000;183.0400000;183.0700000;193690
GAZP;1;200402;125600;183.0600000;183.2000000;183.0600000;183.1600000;31700
GAZP;1;200402;125700;183.1400000;183.2000000;183.1200000;183.1200000;31650
GAZP;1;200402;125800;183.1500000;183.3900000;183.1200000;183.3300000;178680
GAZP;1;200402;125900;183.3300000;183.3300000;183.1000000;183.1100000;49100
GAZP;1;200402;130000;183.1700000;183.2100000;183.0400000;183.0900000;23840
GAZP;1;200402;130100;183.0400000;183.0900000;182.8400000;183.0200000;159420
GAZP;1;200402;130200;183.0000000;183.0000000;182.7200000;182.8500000;97650
GAZP;1;200402;130300;182.8700000;182.9800000;182.5300000;182.5900000;165870
GAZP;1;200402;130400;182.5900000;182.8900000;182.5500000;182.7700000;121170
GAZP;1;200402;130500;182.7700000;182.8900000;182.7000000;182.8100000;76930
GAZP;1;200402;130600;182.8100000;183.0500000;182.7800000;182.9000000;87590
GAZP;1;200402;130700;182.9000000;182.9400000;182.7600000;182.8000000;10590
GAZP;1;200402;130800;182.8200000;182.8500000;182.6300000;182.7000000;36740
GAZP;1;200402;130900;182.7000000;182.8000000;182.6500000;182.7400000;10410
GAZP;1;200402;131000;182.7400000;182.9300000;182.6700000;182.8900000;210990
GAZP;1;200402;131100;182.8900000;183.1100000;182.8700000;183.0500000;136210
GAZP;1;200402;131200;183.0800000;183.3900000;182.9900000;183.3600000;199320
GAZP;1;200402;131300;183.3600000;183.4400000;183.0900000;183.1700000;75040
GAZP;1;200402;131400;183.2100000;183.2900000;183.1300000;183.1500000;28520
GAZP;1;200402;131500;183.1500000;183.3700000;183.1500000;183.3100000;61070
GAZP;1;200402;131600;183.3500000;183.4000000;183.2000000;183.3100000;64620
GAZP;1;200402;131700;183.3200000;183.7400000;183.2800000;183.6900000;497640
GAZP;1;200402;131800;183.6000000;183.7200000;183.5200000;183.5900000;134460
GAZP;1;200402;131900;183.5900000;183.6000000;183.4400000;183.5100000;183680
GAZP;1;200402;132000;183.5600000;183.6500000;183.4500000;183.6100000;184270
GAZP;1;200402;132100;183.5900000;183.7500000;183.5500000;183.6500000;81990
GAZP;1;200402;132200;183.6400000;183.7100000;183.3700000;183.3700000;117440
GAZP;1;200402;132300;183.3900000;183.4600000;183.3000000;183.3700000;48250
GAZP;1;200402;132400;183.3500000;183.5000000;183.3500000;183.4300000;20050
GAZP;1;200402;132500;183.4500000;183.4500000;183.3000000;183.3700000;41730
GAZP;1;200402;132600;183.3500000;183.5000000;183.3000000;183.4400000;42160
GAZP;1;200402;132700;183.4100000;183.5000000;183.3000000;183.4900000;110920
GAZP;1;200402;132800;183.5000000;183.6300000;183.4300000;183.4700000;122030
GAZP;1;200402;132900;183.4400000;183.5100000;183.3800000;183.4400000;18400
GAZP;1;200402;133000;183.4400000;183.4800000;183.3100000;183.3600000;44300
GAZP;1;200402;133100;183.4100000;183.5000000;183.3600000;183.4000000;29830
GAZP;1;200402;133200;183.4100000;183.4900000;183.4100000;183.4500000;20210
GAZP;1;200402;133300;183.4500000;183.6400000;183.4500000;183.5500000;35460
GAZP;1;200402;133400;183.5500000;183.5600000;183.4400000;183.4500000;55540
GAZP;1;200402;133500;183.5100000;183.5100000;183.4200000;183.4200000;10290
GAZP;1;200402;133600;183.4400000;183.6200000;183.4400000;183.6200000;19780
GAZP;1;200402;133700;183.6200000;183.6300000;183.4600000;183.4900000;126960
GAZP;1;200402;133800;183.4600000;183.6000000;183.4300000;183.5000000;46130
GAZP;1;200402;133900;183.5000000;183.5800000;183.4300000;183.5600000;17720
GAZP;1;200402;134000;183.5600000;183.7000000;183.5300000;183.6900000;41550
GAZP;1;200402;134100;183.6900000;183.6900000;183.5900000;183.6400000;23020
GAZP;1;200402;134200;183.6100000;183.6700000;183.5000000;183.5600000;31690
GAZP;1;200402;134300;183.5600000;183.5600000;183.3600000;183.4400000;31090
GAZP;1;200402;134400;183.4000000;183.5100000;183.3700000;183.5100000;136200
GAZP;1;200402;134500;183.4800000;183.5900000;183.4100000;183.4100000;111770
GAZP;1;200402;134600;183.4800000;183.5000000;183.3400000;183.3700000;59820
GAZP;1;200402;134700;183.3400000;183.3400000;183.2700000;183.3200000;14160
GAZP;1;200402;134800;183.3300000;183.4000000;183.3300000;183.3700000;16360
GAZP;1;200402;134900;183.3500000;183.4500000;183.3500000;183.4100000;31410
GAZP;1;200402;135000;183.4000000;183.4500000;183.3500000;183.3900000;16700
GAZP;1;200402;135100;183.4200000;183.4700000;183.2500000;183.2900000;33030
GAZP;1;200402;135200;183.2600000;183.4000000;183.2000000;183.2900000;28580
GAZP;1;200402;135300;183.3700000;183.4200000;183.2700000;183.2700000;16530
GAZP;1;200402;135400;183.2700000;183.2800000;183.2000000;183.2500000;26430
GAZP;1;200402;135500;183.2500000;183.2500000;182.9900000;183.0000000;138250
GAZP;1;200402;135600;183.0600000;183.1000000;182.9500000;183.0200000;28560
GAZP;1;200402;135700;183.0600000;183.0700000;182.9000000;183.0000000;95680
GAZP;1;200402;135800;182.9700000;182.9700000;182.8500000;182.8900000;97160
GAZP;1;200402;135900;182.8900000;182.9300000;182.8800000;182.9300000;24480
GAZP;1;200402;140000;182.9400000;183.1000000;182.9300000;183.1000000;106150
GAZP;1;200402;140100;183.1000000;183.1000000;183.0500000;183.1000000;22570
GAZP;1;200402;140200;183.1000000;183.1000000;183.0600000;183.0700000;1970
GAZP;1;200402;140300;183.0900000;183.1000000;183.0100000;183.0500000;10950
GAZP;1;200402;140400;183.0800000;183.0800000;182.9900000;182.9900000;16580
GAZP;1;200402;140500;183.0000000;183.0800000;182.9800000;183.0800000;6470
GAZP;1;200402;140600;183.0800000;183.0800000;182.8000000;182.8800000;122950
GAZP;1;200402;140700;182.9100000;182.9300000;182.7800000;182.8400000;71390
GAZP;1;200402;140800;182.8800000;182.9500000;182.7200000;182.7200000;44360
GAZP;1;200402;140900;182.7200000;182.7900000;182.6500000;182.7100000;85490
GAZP;1;200402;141000;182.7300000;182.8000000;182.7200000;182.7700000;8990
GAZP;1;200402;141100;182.7300000;182.7300000;182.5100000;182.5200000;109430
GAZP;1;200402;141200;182.5200000;182.6400000;182.5000000;182.6400000;155320
GAZP;1;200402;141300;182.6000000;182.7000000;182.5700000;182.6500000;24460
GAZP;1;200402;141400;182.6400000;182.6700000;182.5300000;182.5900000;33850
GAZP;1;200402;141500;182.5900000;182.6800000;182.5000000;182.5600000;109740
GAZP;1;200402;141600;182.5200000;182.8700000;182.5100000;182.6500000;56030
GAZP;1;200402;141700;182.7000000;182.7600000;182.5800000;182.5800000;41400
GAZP;1;200402;141800;182.5600000;182.6400000;182.5500000;182.6000000;18300
GAZP;1;200402;141900;182.6000000;182.8000000;182.6000000;182.7400000;61210
GAZP;1;200402;142000;182.7300000;182.7800000;182.6100000;182.7000000;9870
GAZP;1;200402;142100;182.6400000;182.7000000;182.6400000;182.6900000;17980
GAZP;1;200402;142200;182.6800000;182.8100000;182.6800000;182.7500000;29750
GAZP;1;200402;142300;182.7500000;182.8400000;182.6300000;182.8000000;48170
GAZP;1;200402;142400;182.7500000;182.8200000;182.6500000;182.6500000;34910
GAZP;1;200402;142500;182.6500000;182.8100000;182.6500000;182.7800000;26210
GAZP;1;200402;142600;182.8400000;182.8700000;182.6400000;182.7200000;45190
GAZP;1;200402;142700;182.7200000;182.8900000;182.7000000;182.8500000;35430
GAZP;1;200402;142800;182.8500000;182.8500000;182.7400000;182.8000000;10940
GAZP;1;200402;142900;182.8400000;182.9800000;182.8200000;182.9800000;114360
GAZP;1;200402;143000;182.9800000;182.9800000;182.8200000;182.9000000;99050
GAZP;1;200402;143100;182.9000000;182.9200000;182.6700000;182.7000000;23150
GAZP;1;200402;143200;182.7400000;182.8700000;182.7400000;182.8100000;16190
GAZP;1;200402;143300;182.8100000;182.8700000;182.7100000;182.7600000;28970
GAZP;1;200402;143400;182.7300000;182.8100000;182.7300000;182.7800000;14610
GAZP;1;200402;143500;182.7500000;182.7900000;182.6100000;182.6500000;26040
GAZP;1;200402;143600;182.6800000;182.7900000;182.6800000;182.7100000;21570
GAZP;1;200402;143700;182.7000000;182.7400000;182.6100000;182.7000000;16540
GAZP;1;200402;143800;182.7000000;182.8000000;182.6500000;182.6500000;47550
GAZP;1;200402;143900;182.6500000;182.7000000;182.5900000;182.7000000;56940
GAZP;1;200402;144000;182.6500000;182.7500000;182.5900000;182.7300000;22370
GAZP;1;200402;144100;182.7400000;182.9400000;182.6800000;182.7500000;31000
GAZP;1;200402;144200;182.8100000;183.0000000;182.6800000;182.7500000;171620
GAZP;1;200402;144300;182.7400000;182.9900000;182.6800000;182.9600000;22380
GAZP;1;200402;144400;182.9000000;183.0400000;182.8200000;182.9300000;147470
GAZP;1;200402;144500;182.9900000;183.0000000;182.8400000;182.9300000;20930
GAZP;1;200402;144600;182.9000000;183.1000000;182.8700000;182.9900000;34980
GAZP;1;200402;144700;182.9900000;183.1000000;182.9300000;183.0200000;89710
GAZP;1;200402;144800;183.1000000;183.2800000;183.0800000;183.1700000;86560
GAZP;1;200402;144900;183.1700000;183.1900000;183.0300000;183.0800000;24270
GAZP;1;200402;145000;183.1200000;183.1500000;182.9900000;183.0800000;30160
GAZP;1;200402;145100;183.0600000;183.2500000;183.0600000;183.1500000;34860
GAZP;1;200402;145200;183.1900000;183.3000000;183.1900000;183.2600000;42400
GAZP;1;200402;145300;183.2000000;183.2700000;183.2000000;183.2700000;11750
GAZP;1;200402;145400;183.2700000;183.3100000;183.2200000;183.2800000;67070
GAZP;1;200402;145500;183.2800000;183.3800000;183.2800000;183.3800000;60070
GAZP;1;200402;145600;183.3800000;183.4500000;183.3400000;183.4200000;50080
GAZP;1;200402;145700;183.3800000;183.4300000;183.3000000;183.3500000;43490
GAZP;1;200402;145800;183.3500000;183.3900000;183.2600000;183.2700000;23000
GAZP;1;200402;145900;183.3000000;183.4000000;183.2800000;183.3800000;81320
GAZP;1;200402;150000;183.3500000;183.4500000;183.3100000;183.4500000;119730
GAZP;1;200402;150100;183.4400000;183.6200000;183.3900000;183.3900000;310780
GAZP;1;200402;150200;183.3900000;183.4300000;183.1900000;183.1900000;50550
GAZP;1;200402;150300;183.1900000;183.3000000;183.1500000;183.1500000;50490
GAZP;1;200402;150400;183.1500000;183.2000000;183.1000000;183.2000000;23660
GAZP;1;200402;150500;183.2300000;183.3500000;183.1100000;183.1800000;62630
GAZP;1;200402;150600;183.1300000;183.4000000;183.1300000;183.3300000;12820
GAZP;1;200402;150700;183.3900000;183.4000000;183.2600000;183.2900000;38860
GAZP;1;200402;150800;183.2900000;183.2900000;183.1200000;183.1200000;30800
GAZP;1;200402;150900;183.1100000;183.2500000;183.1000000;183.1900000;11090
GAZP;1;200402;151000;183.1800000;183.2400000;183.1200000;183.1200000;15730
GAZP;1;200402;151100;183.1500000;183.2500000;183.1200000;183.1600000;24290
GAZP;1;200402;151200;183.1600000;183.2500000;183.0500000;183.2500000;47650
GAZP;1;200402;151300;183.2200000;183.3200000;183.1800000;183.2600000;15920
GAZP;1;200402;151400;183.2600000;183.3800000;183.2300000;183.3200000;14220
GAZP;1;200402;151500;183.3300000;183.3400000;183.1900000;183.2500000;13790
GAZP;1;200402;151600;183.2600000;183.3300000;183.2500000;183.3000000;10820
GAZP;1;200402;151700;183.3200000;183.4400000;183.1800000;183.2200000;149040
GAZP;1;200402;151800;183.2300000;183.2600000;183.1200000;183.1800000;18710
GAZP;1;200402;151900;183.1100000;183.1200000;183.0100000;183.0200000;32200
GAZP;1;200402;152000;183.0600000;183.0700000;182.8800000;182.9900000;88930
GAZP;1;200402;152100;182.9300000;183.1000000;182.9300000;183.0900000;27960
GAZP;1;200402;152200;183.1000000;183.1000000;183.0000000;183.0500000;8450
GAZP;1;200402;152300;183.0200000;183.1100000;183.0000000;183.0700000;33310
GAZP;1;200402;152400;183.0100000;183.0500000;182.9800000;183.0000000;22620
GAZP;1;200402;152500;183.0000000;183.0500000;182.7800000;182.8000000;110490
GAZP;1;200402;152600;182.8800000;182.9800000;182.8400000;182.9200000;21690
GAZP;1;200402;152700;182.9000000;182.9500000;182.8500000;182.9300000;18900
GAZP;1;200402;152800;182.9300000;182.9600000;182.8900000;182.9400000;6700
GAZP;1;200402;152900;182.9500000;183.0300000;182.9100000;183.0100000;56940
GAZP;1;200402;153000;183.0300000;183.0900000;183.0000000;183.0800000;28500
GAZP;1;200402;153100;183.0800000;183.0800000;182.8100000;182.8400000;41890
GAZP;1;200402;153200;182.8500000;183.1700000;182.7500000;183.0400000;158050
GAZP;1;200402;153300;183.0800000;183.1300000;182.9600000;183.0100000;10880
GAZP;1;200402;153400;182.9700000;183.1000000;182.8500000;182.8500000;67610
GAZP;1;200402;153500;182.8900000;182.8900000;182.7900000;182.8800000;19230
GAZP;1;200402;153600;182.8900000;182.8900000;182.7200000;182.7900000;41750
GAZP;1;200402;153700;182.7900000;182.8800000;182.7700000;182.8100000;18080
GAZP;1;200402;153800;182.8600000;182.9600000;182.7000000;182.7000000;61740
GAZP;1;200402;153900;182.7000000;182.7500000;182.6000000;182.7000000;49850
GAZP;1;200402;154000;182.7400000;182.7500000;182.6600000;182.7400000;28610
GAZP;1;200402;154100;182.7400000;182.7500000;182.5500000;182.6000000;115460
GAZP;1;200402;154200;182.6000000;182.6000000;182.3300000;182.4300000;264330
GAZP;1;200402;154300;182.4300000;182.4900000;182.2000000;182.3400000;118790
GAZP;1;200402;154400;182.3500000;182.5500000;182.3500000;182.5400000;176200
GAZP;1;200402;154500;182.4800000;182.5500000;182.3100000;182.4000000;103100
GAZP;1;200402;154600;182.4000000;182.4500000;182.3700000;182.4500000;60270
GAZP;1;200402;154700;182.4200000;182.4500000;182.3200000;182.3400000;56690
GAZP;1;200402;154800;182.3400000;182.4000000;181.9000000;182.1200000;288180
GAZP;1;200402;154900;182.1200000;182.2000000;182.0100000;182.0100000;86540
GAZP;1;200402;155000;182.0200000;182.1300000;181.9500000;182.1100000;230330
GAZP;1;200402;155100;182.0500000;182.1300000;181.9000000;181.9800000;107100
GAZP;1;200402;155200;181.9200000;181.9900000;181.8800000;181.9100000;33330
GAZP;1;200402;155300;181.9700000;182.0500000;181.9000000;181.9000000;116510
GAZP;1;200402;155400;181.9400000;181.9800000;181.5400000;181.6600000;254680
GAZP;1;200402;155500;181.6500000;181.7000000;181.5700000;181.6500000;109100
GAZP;1;200402;155600;181.6700000;181.9500000;181.5500000;181.5500000;222890
GAZP;1;200402;155700;181.5700000;181.8300000;181.5700000;181.8300000;47150
GAZP;1;200402;155800;181.7900000;181.9100000;181.7900000;181.8400000;36670
GAZP;1;200402;155900;181.8500000;182.0500000;181.7400000;181.9100000;109440
GAZP;1;200402;160000;181.9100000;181.9400000;181.7200000;181.7300000;58740
GAZP;1;200402;160100;181.7400000;181.8300000;181.6700000;181.6800000;49970
GAZP;1;200402;160200;181.6800000;181.8000000;181.6800000;181.8000000;4420
GAZP;1;200402;160300;181.8100000;182.0000000;181.7600000;181.9800000;90590
GAZP;1;200402;160400;181.9800000;181.9800000;181.7800000;181.9400000;55760
GAZP;1;200402;160500;181.9100000;181.9100000;181.7000000;181.8300000;48950
GAZP;1;200402;160600;181.8200000;182.0500000;181.7800000;181.8200000;147950
GAZP;1;200402;160700;181.8700000;181.8700000;181.7200000;181.7400000;34530
GAZP;1;200402;160800;181.7600000;181.8000000;181.6400000;181.7400000;104370
GAZP;1;200402;160900;181.7900000;181.8700000;181.7800000;181.8300000;23960
GAZP;1;200402;161000;181.8000000;181.8700000;181.7000000;181.8000000;129920
GAZP;1;200402;161100;181.8000000;182.0500000;181.7100000;181.9600000;83010
GAZP;1;200402;161200;181.9200000;182.0500000;181.7500000;181.8200000;72630
GAZP;1;200402;161300;181.7800000;181.9000000;181.5100000;181.5100000;202440
GAZP;1;200402;161400;181.5500000;181.5900000;181.3100000;181.3100000;418840
GAZP;1;200402;161500;181.3300000;181.3600000;180.9700000;181.2100000;413730
GAZP;1;200402;161600;181.2100000;181.5000000;181.1200000;181.4200000;55810
GAZP;1;200402;161700;181.4200000;181.6600000;181.1600000;181.3600000;141990
GAZP;1;200402;161800;181.3500000;181.3600000;181.1400000;181.2700000;102760
GAZP;1;200402;161900;181.2800000;181.3000000;180.8100000;180.8400000;331690
GAZP;1;200402;162000;180.9300000;181.0000000;180.8400000;180.8600000;91850
GAZP;1;200402;162100;180.9100000;181.7000000;180.8600000;181.4300000;414440
GAZP;1;200402;162200;181.4600000;181.6500000;181.4000000;181.6400000;16950
GAZP;1;200402;162300;181.5900000;181.6100000;181.3400000;181.4800000;89100
GAZP;1;200402;162400;181.4800000;181.4900000;181.3200000;181.3400000;32270
GAZP;1;200402;162500;181.3900000;181.5000000;181.3500000;181.4100000;37610
GAZP;1;200402;162600;181.4700000;181.5000000;181.3700000;181.4900000;96270
GAZP;1;200402;162700;181.4900000;181.6400000;181.3600000;181.6400000;119250
GAZP;1;200402;162800;181.6500000;181.6500000;181.5000000;181.5300000;29490
GAZP;1;200402;162900;181.5100000;181.6700000;181.5000000;181.5700000;25200
GAZP;1;200402;163000;181.6200000;181.6700000;181.5500000;181.6300000;13480
GAZP;1;200402;163100;181.6100000;181.7000000;181.3600000;181.6500000;148610
GAZP;1;200402;163200;181.6500000;181.9700000;181.6300000;181.9700000;90040
GAZP;1;200402;163300;181.9500000;182.1000000;181.8000000;181.8700000;159940
GAZP;1;200402;163400;181.8700000;182.0800000;181.7900000;181.9500000;194220
GAZP;1;200402;163500;181.9000000;182.2500000;181.9000000;182.1800000;97940
GAZP;1;200402;163600;182.1800000;182.4900000;182.1200000;182.3100000;112120
GAZP;1;200402;163700;182.3200000;182.3600000;181.8700000;181.9900000;117930
GAZP;1;200402;163800;181.9900000;182.1000000;181.7800000;181.8300000;52630
GAZP;1;200402;163900;181.8000000;182.0000000;181.7200000;181.9500000;27530
GAZP;1;200402;164000;181.9400000;182.0000000;181.8000000;181.8100000;65550
GAZP;1;200402;164100;181.9200000;182.0800000;181.8500000;181.8500000;53090
GAZP;1;200402;164200;181.8100000;181.8100000;181.5000000;181.6200000;102850
GAZP;1;200402;164300;181.6200000;181.7000000;181.3100000;181.3700000;98380
GAZP;1;200402;164400;181.3700000;181.4500000;181.0500000;181.0900000;117740
GAZP;1;200402;164500;181.0500000;181.3200000;180.8200000;181.1800000;287120
GAZP;1;200402;164600;181.1900000;181.4400000;180.9600000;181.0100000;106570
GAZP;1;200402;164700;181.0200000;181.2900000;181.0200000;181.1400000;59850
GAZP;1;200402;164800;181.1500000;181.3800000;181.1100000;181.2100000;38960
GAZP;1;200402;164900;181.2100000;181.2700000;181.0600000;181.0600000;59830
GAZP;1;200402;165000;181.0600000;181.1200000;180.8200000;180.9900000;114490
GAZP;1;200402;165100;180.9700000;181.1900000;180.8700000;181.0800000;190180
GAZP;1;200402;165200;181.1400000;181.3700000;181.0800000;181.3100000;48740
GAZP;1;200402;165300;181.3000000;181.5000000;181.2800000;181.4300000;91060
GAZP;1;200402;165400;181.4400000;181.4500000;181.2300000;181.2300000;49160
GAZP;1;200402;165500;181.2400000;181.3400000;181.1300000;181.3200000;14670
GAZP;1;200402;165600;181.3300000;181.5000000;181.2600000;181.4300000;35670
GAZP;1;200402;165700;181.4300000;181.5100000;181.3500000;181.4900000;44880
GAZP;1;200402;165800;181.4600000;181.7000000;181.4300000;181.6800000;71440
GAZP;1;200402;165900;181.6300000;181.6800000;181.3000000;181.3000000;61680
GAZP;1;200402;170000;181.2500000;181.2700000;180.3000000;180.3900000;620650
GAZP;1;200402;170100;180.4500000;180.7600000;180.3100000;180.4600000;217850
GAZP;1;200402;170200;180.4400000;180.5000000;180.2500000;180.4000000;222480
GAZP;1;200402;170300;180.4300000;181.2300000;180.4300000;181.1300000;223470
GAZP;1;200402;170400;181.0900000;181.2300000;180.8600000;181.1700000;149910
GAZP;1;200402;170500;181.1500000;181.2300000;181.0300000;181.1000000;70930
GAZP;1;200402;170600;181.1700000;181.2000000;180.8600000;180.8600000;85230
GAZP;1;200402;170700;180.9000000;181.0000000;180.6900000;180.9600000;49700
GAZP;1;200402;170800;180.9600000;181.1800000;180.9000000;181.0500000;70110
GAZP;1;200402;170900;181.0100000;181.2000000;181.0000000;181.2000000;77640
GAZP;1;200402;171000;181.1800000;181.2000000;181.0000000;181.1200000;716050
GAZP;1;200402;171100;181.1300000;181.1700000;180.9000000;181.1300000;211440
GAZP;1;200402;171200;181.1300000;181.2000000;181.0000000;181.1400000;271450
GAZP;1;200402;171300;181.1800000;181.2000000;181.0800000;181.2000000;83220
GAZP;1;200402;171400;181.2000000;181.2000000;181.0800000;181.1000000;174200
GAZP;1;200402;171500;181.1100000;181.5500000;181.0900000;181.5200000;164240
GAZP;1;200402;171600;181.5200000;181.8800000;181.4700000;181.7000000;151570
GAZP;1;200402;171700;181.6300000;181.7100000;181.2300000;181.3100000;112330
GAZP;1;200402;171800;181.3300000;181.4300000;181.1000000;181.1300000;27080
GAZP;1;200402;171900;181.1500000;181.3000000;181.1100000;181.3000000;36340
GAZP;1;200402;172000;181.2500000;181.5000000;181.2100000;181.4000000;20370
GAZP;1;200402;172100;181.4000000;181.7400000;181.4000000;181.5900000;69150
GAZP;1;200402;172200;181.6400000;181.8500000;181.4000000;181.8500000;96110
GAZP;1;200402;172300;181.7600000;181.7600000;181.5900000;181.6600000;41650
GAZP;1;200402;172400;181.6100000;181.8500000;181.6100000;181.8000000;35220
GAZP;1;200402;172500;181.7400000;181.8200000;181.6800000;181.7700000;24180
GAZP;1;200402;172600;181.7400000;181.8800000;181.7000000;181.8700000;46560
GAZP;1;200402;172700;181.8700000;181.9300000;181.7400000;181.8400000;33590
GAZP;1;200402;172800;181.8300000;181.8900000;181.4900000;181.4900000;183460
GAZP;1;200402;172900;181.4900000;181.6900000;181.4900000;181.5600000;37650
GAZP;1;200402;173000;181.6100000;181.9500000;181.5600000;181.8500000;165270
GAZP;1;200402;173100;181.8800000;182.6500000;181.8300000;182.4700000;353230
GAZP;1;200402;173200;182.5200000;183.1000000;182.4900000;183.0000000;463390
GAZP;1;200402;173300;182.9400000;183.0900000;182.6200000;182.7800000;236880
GAZP;1;200402;173400;182.7800000;183.3000000;182.7400000;183.0600000;382060
GAZP;1;200402;173500;183.1000000;183.7500000;183.0400000;183.7500000;473950
GAZP;1;200402;173600;183.7500000;184.2200000;183.7300000;184.0200000;1113160
GAZP;1;200402;173700;184.1600000;184.7500000;184.0200000;184.6200000;828720
GAZP;1;200402;173800;184.6700000;185.5000000;184.5400000;185.2100000;1426840
GAZP;1;200402;173900;185.1100000;185.5000000;184.3000000;184.6600000;1253970
GAZP;1;200402;174000;184.8000000;185.3100000;184.5100000;184.9700000;862900
GAZP;1;200402;174100;184.9600000;185.2000000;184.8400000;184.9200000;390920
GAZP;1;200402;174200;184.9200000;186.8300000;184.9000000;186.1700000;1017330
GAZP;1;200402;174300;186.1700000;187.0000000;186.1100000;186.6000000;929430
GAZP;1;200402;174400;186.5800000;186.7500000;185.0700000;185.3300000;1386560
GAZP;1;200402;174500;185.2800000;185.4000000;184.1000000;184.8800000;1407890
GAZP;1;200402;174600;184.8000000;185.2300000;184.5800000;184.6900000;455440
GAZP;1;200402;174700;184.5900000;184.8000000;182.4600000;183.6700000;1206470
GAZP;1;200402;174800;183.5000000;184.0000000;183.0900000;183.9700000;479950
GAZP;1;200402;174900;183.9600000;184.9900000;183.8600000;184.9400000;432600
GAZP;1;200402;175000;184.8600000;185.8900000;184.6000000;185.1600000;421540
GAZP;1;200402;175100;185.1200000;185.7900000;184.9000000;185.4600000;531380
GAZP;1;200402;175200;185.4600000;185.6300000;184.8800000;185.0000000;487320
GAZP;1;200402;175300;184.9300000;185.6500000;184.9300000;185.2700000;350040
GAZP;1;200402;175400;185.2400000;185.3800000;184.6800000;185.0000000;514030
GAZP;1;200402;175500;184.8800000;185.0500000;183.7400000;184.3200000;629080
GAZP;1;200402;175600;184.3300000;185.2400000;184.3200000;184.9700000;681690
GAZP;1;200402;175700;184.9400000;185.8700000;184.9400000;185.8300000;606520
GAZP;1;200402;175800;185.7200000;186.6500000;185.2900000;186.5800000;803190
GAZP;1;200402;175900;186.4200000;186.7500000;185.7900000;186.2100000;472660
GAZP;1;200402;180000;186.3900000;186.7900000;186.1600000;186.3300000;381920
GAZP;1;200402;180100;186.5100000;187.7700000;186.3000000;187.7100000;1095090
GAZP;1;200402;180200;187.7800000;188.5000000;185.0000000;188.4600000;1002740
GAZP;1;200402;180300;188.4000000;189.6600000;188.3000000;189.4500000;1024750
GAZP;1;200402;180400;189.1900000;190.0000000;188.4800000;188.8200000;1842680
GAZP;1;200402;180500;188.9200000;189.0900000;187.5100000;187.8300000;1189170
GAZP;1;200402;180600;187.8300000;188.0000000;187.2500000;187.4700000;633030
GAZP;1;200402;180700;187.4700000;188.7000000;187.1000000;187.8300000;780150
GAZP;1;200402;180800;188.0200000;188.2800000;187.5100000;187.8200000;641940
GAZP;1;200402;180900;187.8300000;188.0000000;186.6500000;186.8700000;596500
GAZP;1;200402;181000;186.9600000;187.2500000;186.0000000;186.9400000;1423380
GAZP;1;200402;181100;186.9600000;187.6900000;186.6000000;186.8100000;480730
GAZP;1;200402;181200;186.8100000;186.9500000;186.1600000;186.3400000;272510
GAZP;1;200402;181300;186.3800000;186.3800000;185.9900000;186.1000000;323200
GAZP;1;200402;181400;185.9400000;186.4000000;185.5800000;186.2900000;359140
GAZP;1;200402;181500;186.3000000;186.9400000;186.2900000;186.4900000;259560
GAZP;1;200402;181600;186.5000000;186.9500000;186.3500000;186.5000000;237000
GAZP;1;200402;181700;186.5200000;187.1200000;186.5100000;186.6500000;200090
GAZP;1;200402;181800;186.8000000;186.8400000;186.2200000;186.3100000;164870
GAZP;1;200402;181900;186.2200000;186.5200000;185.8000000;185.9300000;258970
GAZP;1;200402;182000;185.9400000;186.1200000;185.7200000;185.8900000;108600
GAZP;1;200402;182100;185.8900000;186.7700000;185.7000000;186.7100000;367520
GAZP;1;200402;182200;186.5500000;186.6700000;185.7100000;186.1200000;265280
GAZP;1;200402;182300;186.1200000;186.2700000;185.6100000;185.7300000;188820
GAZP;1;200402;182400;185.8000000;186.4700000;185.7200000;186.2800000;204110
GAZP;1;200402;182500;186.2900000;186.3600000;185.4000000;185.4000000;391510
GAZP;1;200402;182600;185.5000000;185.7500000;184.0100000;184.1300000;1447660
GAZP;1;200402;182700;184.0800000;184.8700000;184.0300000;184.8700000;250480
GAZP;1;200402;182800;184.7000000;184.9800000;184.5500000;184.6200000;125070
GAZP;1;200402;182900;184.6600000;185.1300000;184.6600000;184.9800000;278640
GAZP;1;200402;183000;184.9700000;185.0300000;184.5300000;184.7800000;175170
GAZP;1;200402;183100;184.7800000;185.0000000;184.6500000;185.0000000;174970
GAZP;1;200402;183200;184.9600000;185.7400000;184.7300000;185.2600000;324730
GAZP;1;200402;183300;185.3000000;185.6200000;185.0000000;185.2500000;151730
GAZP;1;200402;183400;185.1700000;185.3200000;185.0000000;185.2100000;96930
GAZP;1;200402;183500;185.2100000;185.9700000;185.0800000;185.7100000;219010
GAZP;1;200402;183600;185.7500000;186.3500000;185.3700000;186.0000000;461910
GAZP;1;200402;183700;186.1800000;186.4000000;186.0100000;186.3100000;120250
GAZP;1;200402;183800;186.3100000;186.3300000;185.9100000;186.0900000;184650
GAZP;1;200402;183900;186.1400000;186.3000000;185.8600000;186.0000000;238560
GAZP;1;200402;184000;186.0000000;186.2000000;185.8000000;186.2000000;232640
GAZP;1;200402;184600;187.0400000;187.0400000;187.0400000;187.0400000;2446920
GAZP;1;200402;184700;187.0400000;187.0400000;187.0400000;187.0400000;5860
GAZP;1;200402;184800;187.0400000;187.0400000;187.0400000;187.0400000;29950
GAZP;1;200402;184900;187.0400000;187.0400000;187.0400000;187.0400000;116170
GAZP;1;200402;185000;187.0400000;187.0400000;187.0400000;187.0400000;4680
